{
  "N Rana": 0.27,
  "Sachin Baby": 0.53,
  "V Kohli": 0.9200000000000002,
  "KS Williamson": 1.4,
  "S Gopal": 1.81,
  "C Munro": 1.9,
  "Swapnil Singh": 2.5700000000000003,
  "S Ladda": 2.94,
  "A Ashish Reddy": 2.9599999999999995,
  "J Suchith": 3.07
}