{
  "RN ten Doeschate": 0.44,
  "V Kohli": 0.8899999999999999,
  "DR Smith": 1.1800000000000002,
  "S Gopal": 1.7,
  "CH Gayle": 1.72,
  "PP Ojha": 2.9000000000000004,
  "DJG Sammy": 2.9099999999999997,
  "M Vijay": 2.9900000000000007,
  "R Tewatia": 3.3200000000000003,
  "KC Cariappa": 3.459999999999999
}